Ligand,Group,JAK1,JAK2,JAK3,TYK2
Baricitinib,Reference_JAKi,-8.1,-8.2,-7.4,-6.6
Caffeic_acid,Other_phytochemical,-6.2,-6.5,-6.1,-5.4
Catechin,Flavonoid,-8.3,-8.8,-8.8,-7.4
Chlorogenic_acid,Other_phytochemical,-8.1,-8.1,-7.5,-7.2
Coumaric_acid,Other_phytochemical,-5.7,-6.4,-6,-5.1
Gallic_acid,Other_phytochemical,-5.6,-6.2,-5.4,-5.2
Gingerol,Other_phytochemical,-6.2,-5.7,-5.7,-5.5
Isoliquiritigenin,Other_phytochemical,-7.3,-8,-8.1,-6.4
Kaempferol,Flavonoid,-7.7,-8.9,-8.5,-7.2
Naringenin,Flavonoid,-7.8,-8.6,-9,-7
Peficitinib,Reference_JAKi,-9,-7.6,-9,-6.9
Quercetin,Flavonoid,-7.9,-9.3,-8.5,-7.2
Tofacitinib,Reference_JAKi,-7.8,-7.4,-7.6,-6.2
